akashbarik,akash@123,8568526478,akash@gmail.com
johnsmith,john@123,5874569824,john@gmail.com
marybrown,mary@123,9856452621,mary@gmail.com
michaeljohn,michael@123,1234567890,michael@gmail.com
jennycarter,jenny@123,2345678901,jenny@gmail.com
davidmiller,david@123,3456789012,david@gmail.com
sarahwilson,sarah@123,4567890123,sarah@gmail.com
emilyjones,emily@123,5678901234,emily@gmail.com
andrewdavis,andrew@123,6789012345,andrew@gmail.com
samanthawright,samantha@123,7890123456,samantha@gmail.com
christopherlee,christopher@123,8901234567,christopher@gmail.com
jessicasmith,jessica@123,5263789418,jessica@gmail.com
mattbrown,matt@123,0123456789,matt@gmail.com
amandawilson,amanda@123,1357924680,amanda@gmail.com
justinwilson,justin@123,4680135792,justin@gmail.com
ashleybrown,ashley@123,5792468013,ashley@gmail.com
danieljones,daniel@123,6801357924,daniel@gmail.com
ericadavis,erica@123,7914680135,erica@gmail.com
melissawilson,melissa@123,8025792461,melissa@gmail.com
matthewjohn,matthew@123,9136801357,matthew@gmail.com
oliviawright,olivia@123,0247914680,olivia@gmail.com
brianmiller,brian@123,1358025794,brian@gmail.com
juliamartin,julia@123,2469136801,julia@gmail.com
nathansmith,nathan@123,3570247914,nathan@gmail.com
emmachan,emma@123,4681358025,emma@gmail.com
tylerdavis,tyler@123,5792469136,tyler@gmail.com
hannahwilson,hannah@123,6803570247,hannah@gmail.com
adamjackson,adam@123,7914681358,adam@gmail.com
sophiamorris,sophia@123,8025792469,sophia@gmail.com
lucasroberts,lucas@123,9136803570,lucas@gmail.com
victoriajohnson,victoria@123,0247914681,victoria@gmail.com
calebthomas,caleb@123,1358025792,caleb@gmail.com
gracewhite,grace@123,2469136803,grace@gmail.com
dylanwalker,dylan@123,3570247914,dylan@gmail.com
clairewilson,claire@123,4681358025,claire@gmail.com
aaronmartinez,aaron@123,5792469136,aaron@gmail.com
oliverhill,oliver@123,6803570247,oliver@gmail.com
natalieedwards,natalie@123,7914681358,natalie@gmail.com
samuelcarter,samuel@123,8025792469,samuel@gmail.com
rachelturner,rachel@123,9136803570,rachel@gmail.com
connorking,connor@123,0247914681,connor@gmail.com
juliettegreen,juliette@123,1358025792,juliette@gmail.com
maxwellbaker,maxwell@123,2469136803,maxwell@gmail.com
phoebebailey,phoebe@123,3570247914,phoebe@gmail.com
adriankelly,adrian@123,4681358025,adrian@gmail.com
annabellecollins,annabelle@123,5792469136,annabelle@gmail.com
isaacyoung,isaac@123,6803570247,isaac@gmail.com
lydiaflores,lydia@123,7914681358,lydia@gmail.com
jacobreed,jacob@123,8025792469,jacob@gmail.com
nataliarichardson,natalia@123,9136803570,natalia@gmail.com
asherwood,asher@123,0247914681,asher@gmail.com
evaellis,eva@123,1358025792,eva@gmail.com
sebastianmitchell,sebastian@123,2469136803,sebastian@gmail.com
zoeharrison,zoe@123,3570247914,zoe@gmail.com
carteryoung,carter@123,4681358025,carter@gmail.com
autumncampbell,autumn@123,5792469136,autumn@gmail.com
bentleyshaw,bentley@123,6803570247,bentley@gmail.com
elsiemurray,elsie@123,7914681358,elsie@gmail.com
gabrielphillips,gabriel@123,8025792469,gabriel@gmail.com
emilycollins,emily@123,9876583917,emily@gmail.com
elonmusk,elon@123,56656565656,elon@gmail.com
laurenjones,lauren@123,8956231746,lauren@gmail.com
ommprakashsahu,omm@123,8144219523,opsommprakash@gmail.com
jeffbejos,jeff@123,8521489657,jeff@gmail.com
laurencebishnoi,laurence@123,7854129638,laurence@gmail.com
ryanmiller,ryan@123,8965745546,ryan@gmail.com
herokuminar,heroku@123,4587963258,heroku@gmail.com
